,datetime,market_id,power,simulation,unit_id
0,2019-01-01 00:00:00,EOM,1000,best_base,pp_2
1,2019-01-01 00:00:00,EOM,1000,best_base,pp_1
2,2019-01-01 00:00:00,EOM,1000,best_base,pp_4
3,2019-01-01 00:00:00,EOM,500,best_base,pp_7
4,2019-01-01 00:00:00,EOM,500,best_base,pp_9
5,2019-01-01 00:00:00,EOM,500,best_base,pp_8
6,2019-01-01 00:00:00,EOM,0,best_base,pp_10
7,2019-01-01 00:00:00,EOM,1000,best_base,pp_3
8,2019-01-01 00:00:00,EOM,500,best_base,pp_5
9,2019-01-01 00:00:00,EOM,0,best_base,pp_6
10,2019-01-01 00:00:00,EOM,-6000,best_base,demand_EOM
11,2019-01-01 01:00:00,EOM,1000,best_base,pp_2
12,2019-01-01 01:00:00,EOM,1000,best_base,pp_1
13,2019-01-01 01:00:00,EOM,1000,best_base,pp_4
14,2019-01-01 01:00:00,EOM,500,best_base,pp_9
15,2019-01-01 01:00:00,EOM,500,best_base,pp_8
16,2019-01-01 01:00:00,EOM,500,best_base,pp_7
17,2019-01-01 01:00:00,EOM,0,best_base,pp_10
18,2019-01-01 01:00:00,EOM,1000,best_base,pp_3
19,2019-01-01 01:00:00,EOM,500,best_base,pp_5
20,2019-01-01 01:00:00,EOM,0,best_base,pp_6
21,2019-01-01 01:00:00,EOM,-6000,best_base,demand_EOM
22,2019-01-01 02:00:00,EOM,1000,best_base,pp_2
23,2019-01-01 02:00:00,EOM,1000,best_base,pp_1
24,2019-01-01 02:00:00,EOM,1000,best_base,pp_4
25,2019-01-01 02:00:00,EOM,500,best_base,pp_8
26,2019-01-01 02:00:00,EOM,500,best_base,pp_9
27,2019-01-01 02:00:00,EOM,500,best_base,pp_7
28,2019-01-01 02:00:00,EOM,0,best_base,pp_10
29,2019-01-01 02:00:00,EOM,1000,best_base,pp_3
30,2019-01-01 02:00:00,EOM,500,best_base,pp_5
31,2019-01-01 02:00:00,EOM,0,best_base,pp_6
32,2019-01-01 02:00:00,EOM,-6000,best_base,demand_EOM
33,2019-01-01 03:00:00,EOM,1000,best_base,pp_2
34,2019-01-01 03:00:00,EOM,1000,best_base,pp_1
35,2019-01-01 03:00:00,EOM,1000,best_base,pp_4
36,2019-01-01 03:00:00,EOM,500,best_base,pp_8
37,2019-01-01 03:00:00,EOM,500,best_base,pp_7
38,2019-01-01 03:00:00,EOM,500,best_base,pp_9
39,2019-01-01 03:00:00,EOM,0,best_base,pp_10
40,2019-01-01 03:00:00,EOM,1000,best_base,pp_3
41,2019-01-01 03:00:00,EOM,500,best_base,pp_5
42,2019-01-01 03:00:00,EOM,0,best_base,pp_6
43,2019-01-01 03:00:00,EOM,-6000,best_base,demand_EOM
44,2019-01-01 04:00:00,EOM,1000,best_base,pp_1
45,2019-01-01 04:00:00,EOM,1000,best_base,pp_2
46,2019-01-01 04:00:00,EOM,1000,best_base,pp_4
47,2019-01-01 04:00:00,EOM,500,best_base,pp_7
48,2019-01-01 04:00:00,EOM,500,best_base,pp_9
49,2019-01-01 04:00:00,EOM,500,best_base,pp_8
50,2019-01-01 04:00:00,EOM,0,best_base,pp_10
51,2019-01-01 04:00:00,EOM,1000,best_base,pp_3
52,2019-01-01 04:00:00,EOM,500,best_base,pp_5
53,2019-01-01 04:00:00,EOM,0,best_base,pp_6
54,2019-01-01 04:00:00,EOM,-6000,best_base,demand_EOM
55,2019-01-01 05:00:00,EOM,1000,best_base,pp_2
56,2019-01-01 05:00:00,EOM,1000,best_base,pp_1
57,2019-01-01 05:00:00,EOM,1000,best_base,pp_4
58,2019-01-01 05:00:00,EOM,500,best_base,pp_7
59,2019-01-01 05:00:00,EOM,500,best_base,pp_8
60,2019-01-01 05:00:00,EOM,500,best_base,pp_9
61,2019-01-01 05:00:00,EOM,0,best_base,pp_10
62,2019-01-01 05:00:00,EOM,1000,best_base,pp_3
63,2019-01-01 05:00:00,EOM,500,best_base,pp_5
64,2019-01-01 05:00:00,EOM,0,best_base,pp_6
65,2019-01-01 05:00:00,EOM,-6000,best_base,demand_EOM
66,2019-01-01 06:00:00,EOM,1000,best_base,pp_2
67,2019-01-01 06:00:00,EOM,1000,best_base,pp_1
68,2019-01-01 06:00:00,EOM,1000,best_base,pp_4
69,2019-01-01 06:00:00,EOM,500,best_base,pp_8
70,2019-01-01 06:00:00,EOM,500,best_base,pp_7
71,2019-01-01 06:00:00,EOM,500,best_base,pp_9
72,2019-01-01 06:00:00,EOM,0,best_base,pp_10
73,2019-01-01 06:00:00,EOM,1000,best_base,pp_3
74,2019-01-01 06:00:00,EOM,500,best_base,pp_5
75,2019-01-01 06:00:00,EOM,0,best_base,pp_6
76,2019-01-01 06:00:00,EOM,-6000,best_base,demand_EOM
77,2019-01-01 07:00:00,EOM,1000,best_base,pp_2
78,2019-01-01 07:00:00,EOM,1000,best_base,pp_1
79,2019-01-01 07:00:00,EOM,1000,best_base,pp_4
80,2019-01-01 07:00:00,EOM,500,best_base,pp_8
81,2019-01-01 07:00:00,EOM,500,best_base,pp_7
82,2019-01-01 07:00:00,EOM,500,best_base,pp_9
83,2019-01-01 07:00:00,EOM,0,best_base,pp_10
84,2019-01-01 07:00:00,EOM,1000,best_base,pp_3
85,2019-01-01 07:00:00,EOM,500,best_base,pp_5
86,2019-01-01 07:00:00,EOM,0,best_base,pp_6
87,2019-01-01 07:00:00,EOM,-6000,best_base,demand_EOM
88,2019-01-01 08:00:00,EOM,1000,best_base,pp_2
89,2019-01-01 08:00:00,EOM,1000,best_base,pp_1
90,2019-01-01 08:00:00,EOM,1000,best_base,pp_4
91,2019-01-01 08:00:00,EOM,500,best_base,pp_9
92,2019-01-01 08:00:00,EOM,0,best_base,pp_7
93,2019-01-01 08:00:00,EOM,0,best_base,pp_8
94,2019-01-01 08:00:00,EOM,0,best_base,pp_10
95,2019-01-01 08:00:00,EOM,1000,best_base,pp_3
96,2019-01-01 08:00:00,EOM,1000,best_base,pp_5
97,2019-01-01 08:00:00,EOM,0,best_base,pp_6
98,2019-01-01 08:00:00,EOM,-6000,best_base,demand_EOM
99,2019-01-01 08:00:00,EOM,500,best_base,Solar
100,2019-01-01 09:00:00,EOM,1000,best_base,pp_1
101,2019-01-01 09:00:00,EOM,1000,best_base,pp_2
102,2019-01-01 09:00:00,EOM,1000,best_base,pp_4
103,2019-01-01 09:00:00,EOM,0,best_base,pp_7
104,2019-01-01 09:00:00,EOM,0,best_base,pp_8
105,2019-01-01 09:00:00,EOM,0,best_base,pp_9
106,2019-01-01 09:00:00,EOM,0,best_base,pp_10
107,2019-01-01 09:00:00,EOM,1000,best_base,pp_3
108,2019-01-01 09:00:00,EOM,1000,best_base,pp_5
109,2019-01-01 09:00:00,EOM,0,best_base,pp_6
110,2019-01-01 09:00:00,EOM,-6000,best_base,demand_EOM
111,2019-01-01 09:00:00,EOM,1000,best_base,Solar
112,2019-01-01 10:00:00,EOM,1000,best_base,pp_2
113,2019-01-01 10:00:00,EOM,1000,best_base,pp_1
114,2019-01-01 10:00:00,EOM,1000,best_base,pp_4
115,2019-01-01 10:00:00,EOM,0,best_base,pp_7
116,2019-01-01 10:00:00,EOM,0,best_base,pp_8
117,2019-01-01 10:00:00,EOM,0,best_base,pp_9
118,2019-01-01 10:00:00,EOM,0,best_base,pp_10
119,2019-01-01 10:00:00,EOM,1000,best_base,pp_3
120,2019-01-01 10:00:00,EOM,1000,best_base,pp_5
121,2019-01-01 10:00:00,EOM,0,best_base,pp_6
122,2019-01-01 10:00:00,EOM,-6000,best_base,demand_EOM
123,2019-01-01 10:00:00,EOM,1000,best_base,Solar
124,2019-01-01 11:00:00,EOM,1000,best_base,pp_1
125,2019-01-01 11:00:00,EOM,1000,best_base,pp_2
126,2019-01-01 11:00:00,EOM,1000,best_base,pp_4
127,2019-01-01 11:00:00,EOM,0,best_base,pp_7
128,2019-01-01 11:00:00,EOM,0,best_base,pp_8
129,2019-01-01 11:00:00,EOM,0,best_base,pp_9
130,2019-01-01 11:00:00,EOM,0,best_base,pp_10
131,2019-01-01 11:00:00,EOM,1000,best_base,pp_3
132,2019-01-01 11:00:00,EOM,1000,best_base,pp_5
133,2019-01-01 11:00:00,EOM,0,best_base,pp_6
134,2019-01-01 11:00:00,EOM,-6000,best_base,demand_EOM
135,2019-01-01 11:00:00,EOM,1000,best_base,Solar
136,2019-01-01 12:00:00,EOM,1000,best_base,pp_1
137,2019-01-01 12:00:00,EOM,1000,best_base,pp_2
138,2019-01-01 12:00:00,EOM,0,best_base,pp_4
139,2019-01-01 12:00:00,EOM,0,best_base,pp_7
140,2019-01-01 12:00:00,EOM,0,best_base,pp_8
141,2019-01-01 12:00:00,EOM,0,best_base,pp_9
142,2019-01-01 12:00:00,EOM,0,best_base,pp_10
143,2019-01-01 12:00:00,EOM,0,best_base,pp_3
144,2019-01-01 12:00:00,EOM,0,best_base,pp_5
145,2019-01-01 12:00:00,EOM,0,best_base,pp_6
146,2019-01-01 12:00:00,EOM,-6000,best_base,demand_EOM
147,2019-01-01 12:00:00,EOM,4000,best_base,Solar
148,2019-01-01 13:00:00,EOM,1000,best_base,pp_1
149,2019-01-01 13:00:00,EOM,1000,best_base,pp_2
150,2019-01-01 13:00:00,EOM,0,best_base,pp_4
151,2019-01-01 13:00:00,EOM,0,best_base,pp_7
152,2019-01-01 13:00:00,EOM,0,best_base,pp_8
153,2019-01-01 13:00:00,EOM,0,best_base,pp_9
154,2019-01-01 13:00:00,EOM,0,best_base,pp_10
155,2019-01-01 13:00:00,EOM,0,best_base,pp_3
156,2019-01-01 13:00:00,EOM,0,best_base,pp_5
157,2019-01-01 13:00:00,EOM,0,best_base,pp_6
158,2019-01-01 13:00:00,EOM,-6000,best_base,demand_EOM
159,2019-01-01 13:00:00,EOM,4000,best_base,Solar
160,2019-01-01 14:00:00,EOM,1000,best_base,pp_1
161,2019-01-01 14:00:00,EOM,1000,best_base,pp_2
162,2019-01-01 14:00:00,EOM,0,best_base,pp_4
163,2019-01-01 14:00:00,EOM,0,best_base,pp_7
164,2019-01-01 14:00:00,EOM,0,best_base,pp_8
165,2019-01-01 14:00:00,EOM,0,best_base,pp_9
166,2019-01-01 14:00:00,EOM,0,best_base,pp_10
167,2019-01-01 14:00:00,EOM,0,best_base,pp_3
168,2019-01-01 14:00:00,EOM,0,best_base,pp_5
169,2019-01-01 14:00:00,EOM,0,best_base,pp_6
170,2019-01-01 14:00:00,EOM,-6000,best_base,demand_EOM
171,2019-01-01 14:00:00,EOM,4000,best_base,Solar
172,2019-01-01 15:00:00,EOM,1000,best_base,pp_1
173,2019-01-01 15:00:00,EOM,1000,best_base,pp_2
174,2019-01-01 15:00:00,EOM,0,best_base,pp_4
175,2019-01-01 15:00:00,EOM,0,best_base,pp_7
176,2019-01-01 15:00:00,EOM,0,best_base,pp_8
177,2019-01-01 15:00:00,EOM,0,best_base,pp_9
178,2019-01-01 15:00:00,EOM,0,best_base,pp_10
179,2019-01-01 15:00:00,EOM,1000,best_base,pp_3
180,2019-01-01 15:00:00,EOM,0,best_base,pp_5
181,2019-01-01 15:00:00,EOM,0,best_base,pp_6
182,2019-01-01 15:00:00,EOM,-6000,best_base,demand_EOM
183,2019-01-01 15:00:00,EOM,3000,best_base,Solar
184,2019-01-01 16:00:00,EOM,1000,best_base,pp_2
185,2019-01-01 16:00:00,EOM,1000,best_base,pp_1
186,2019-01-01 16:00:00,EOM,0,best_base,pp_4
187,2019-01-01 16:00:00,EOM,0,best_base,pp_7
188,2019-01-01 16:00:00,EOM,0,best_base,pp_8
189,2019-01-01 16:00:00,EOM,0,best_base,pp_9
190,2019-01-01 16:00:00,EOM,0,best_base,pp_10
191,2019-01-01 16:00:00,EOM,1000,best_base,pp_3
192,2019-01-01 16:00:00,EOM,0,best_base,pp_5
193,2019-01-01 16:00:00,EOM,0,best_base,pp_6
194,2019-01-01 16:00:00,EOM,-6000,best_base,demand_EOM
195,2019-01-01 16:00:00,EOM,3000,best_base,Solar
196,2019-01-01 17:00:00,EOM,1000,best_base,pp_2
197,2019-01-01 17:00:00,EOM,1000,best_base,pp_1
198,2019-01-01 17:00:00,EOM,1000,best_base,pp_4
199,2019-01-01 17:00:00,EOM,0,best_base,pp_7
200,2019-01-01 17:00:00,EOM,0,best_base,pp_8
201,2019-01-01 17:00:00,EOM,0,best_base,pp_9
202,2019-01-01 17:00:00,EOM,0,best_base,pp_10
203,2019-01-01 17:00:00,EOM,1000,best_base,pp_3
204,2019-01-01 17:00:00,EOM,0,best_base,pp_5
205,2019-01-01 17:00:00,EOM,0,best_base,pp_6
206,2019-01-01 17:00:00,EOM,-6000,best_base,demand_EOM
207,2019-01-01 17:00:00,EOM,2000,best_base,Solar
208,2019-01-01 18:00:00,EOM,1000,best_base,pp_1
209,2019-01-01 18:00:00,EOM,1000,best_base,pp_2
210,2019-01-01 18:00:00,EOM,1000,best_base,pp_4
211,2019-01-01 18:00:00,EOM,0,best_base,pp_7
212,2019-01-01 18:00:00,EOM,0,best_base,pp_8
213,2019-01-01 18:00:00,EOM,0,best_base,pp_9
214,2019-01-01 18:00:00,EOM,0,best_base,pp_10
215,2019-01-01 18:00:00,EOM,1000,best_base,pp_3
216,2019-01-01 18:00:00,EOM,1000,best_base,pp_5
217,2019-01-01 18:00:00,EOM,0,best_base,pp_6
218,2019-01-01 18:00:00,EOM,-6000,best_base,demand_EOM
219,2019-01-01 18:00:00,EOM,1000,best_base,Solar
220,2019-01-01 19:00:00,EOM,1000,best_base,pp_2
221,2019-01-01 19:00:00,EOM,1000,best_base,pp_1
222,2019-01-01 19:00:00,EOM,1000,best_base,pp_4
223,2019-01-01 19:00:00,EOM,500,best_base,pp_8
224,2019-01-01 19:00:00,EOM,500,best_base,pp_9
225,2019-01-01 19:00:00,EOM,500,best_base,pp_7
226,2019-01-01 19:00:00,EOM,0,best_base,pp_10
227,2019-01-01 19:00:00,EOM,1000,best_base,pp_3
228,2019-01-01 19:00:00,EOM,500,best_base,pp_5
229,2019-01-01 19:00:00,EOM,0,best_base,pp_6
230,2019-01-01 19:00:00,EOM,-6000,best_base,demand_EOM
231,2019-01-01 20:00:00,EOM,1000,best_base,pp_1
232,2019-01-01 20:00:00,EOM,1000,best_base,pp_2
233,2019-01-01 20:00:00,EOM,1000,best_base,pp_4
234,2019-01-01 20:00:00,EOM,500,best_base,pp_8
235,2019-01-01 20:00:00,EOM,500,best_base,pp_7
236,2019-01-01 20:00:00,EOM,500,best_base,pp_9
237,2019-01-01 20:00:00,EOM,0,best_base,pp_10
238,2019-01-01 20:00:00,EOM,1000,best_base,pp_3
239,2019-01-01 20:00:00,EOM,500,best_base,pp_5
240,2019-01-01 20:00:00,EOM,0,best_base,pp_6
241,2019-01-01 20:00:00,EOM,-6000,best_base,demand_EOM
242,2019-01-01 21:00:00,EOM,1000,best_base,pp_1
243,2019-01-01 21:00:00,EOM,1000,best_base,pp_2
244,2019-01-01 21:00:00,EOM,1000,best_base,pp_4
245,2019-01-01 21:00:00,EOM,500,best_base,pp_8
246,2019-01-01 21:00:00,EOM,500,best_base,pp_9
247,2019-01-01 21:00:00,EOM,500,best_base,pp_7
248,2019-01-01 21:00:00,EOM,0,best_base,pp_10
249,2019-01-01 21:00:00,EOM,1000,best_base,pp_3
250,2019-01-01 21:00:00,EOM,500,best_base,pp_5
251,2019-01-01 21:00:00,EOM,0,best_base,pp_6
252,2019-01-01 21:00:00,EOM,-6000,best_base,demand_EOM
253,2019-01-01 22:00:00,EOM,1000,best_base,pp_1
254,2019-01-01 22:00:00,EOM,1000,best_base,pp_2
255,2019-01-01 22:00:00,EOM,1000,best_base,pp_4
256,2019-01-01 22:00:00,EOM,500,best_base,pp_7
257,2019-01-01 22:00:00,EOM,500,best_base,pp_8
258,2019-01-01 22:00:00,EOM,500,best_base,pp_9
259,2019-01-01 22:00:00,EOM,0,best_base,pp_10
260,2019-01-01 22:00:00,EOM,1000,best_base,pp_3
261,2019-01-01 22:00:00,EOM,500,best_base,pp_5
262,2019-01-01 22:00:00,EOM,0,best_base,pp_6
263,2019-01-01 22:00:00,EOM,-6000,best_base,demand_EOM
264,2019-01-01 23:00:00,EOM,1000,best_base,pp_2
265,2019-01-01 23:00:00,EOM,1000,best_base,pp_1
266,2019-01-01 23:00:00,EOM,1000,best_base,pp_4
267,2019-01-01 23:00:00,EOM,500,best_base,pp_9
268,2019-01-01 23:00:00,EOM,500,best_base,pp_8
269,2019-01-01 23:00:00,EOM,500,best_base,pp_7
270,2019-01-01 23:00:00,EOM,0,best_base,pp_10
271,2019-01-01 23:00:00,EOM,1000,best_base,pp_3
272,2019-01-01 23:00:00,EOM,500,best_base,pp_5
273,2019-01-01 23:00:00,EOM,0,best_base,pp_6
274,2019-01-01 23:00:00,EOM,-6000,best_base,demand_EOM
